{
  "name": "Jerkin",
  "matrix": {"rows": 3, "cols": 13},
  "layouts": {
    "keymap":
    [
      [
        {
          "y": 0.5,
          "x": 0.57
        },
        "0,0",
        "0,1",
        {
          "x": 8.6
        },
        "0,10",
        "0,11",
        "0,12"
      ],
      [
        {
          "x": 0.4,
          "w": 1.25
        },
        "1,0",
        "1,1",
        {
          "x": 8.92
        },
        "1,10",
        {
          "w": 1.75
        },
        "1,11"
      ],
      [
        {
          "x": 0.2,
          "w": 1.75
        },
        "2,0",
        "2,1",
        {
          "x": 8.350000000000001
        },
        "2,10",
        "2,11",
        {
          "w": 1.25
        },
        "2,12"
      ],
      [
        {
          "r": 10,
          "y": -3.5,
          "x": 2.75
        },
        "0,2",
        "0,3",
        "0,4",
        "0,5"
      ],
      [
        {
          "x": 3
        },
        "1,2",
        "1,3",
        "1,4",
        "1,5"
      ],
      [
        {
          "x": 3.5
        },
        "2,2",
        "2,3",
        "2,4",
        "2,5"
      ],
      [
        {
          "r": -10,
          "y": -0.5499999999999998,
          "x": 6.75
        },
        "0,6",
        "0,7",
        "0,8",
        "0,9"
      ],
      [
        {
          "x": 7
        },
        "1,6",
        "1,7",
        "1,8",
        "1,9"
      ],
      [
        {
          "x": 6.55
        },
        "2,6",
        "2,7",
        "2,8",
        "2,9"
      ]
    ]
  }
}